time,sensor_id,temp,pres,hum
2020-10-02T00:00:02,33,22.36,992.56,53.16
2020-10-02T00:01:02,33,22.37,992.54,52.98
2020-10-02T00:02:03,33,22.37,992.6,52.99
2020-10-02T00:03:02,33,22.37,992.57,53.15
2020-10-02T00:04:03,33,22.35,992.55,53.07
2020-10-02T00:05:02,33,22.35,992.55,53.08
2020-10-02T00:06:02,33,22.36,992.55,53.14
2020-10-02T00:07:03,33,22.35,992.57,53.32
2020-10-02T00:08:02,33,22.34,992.52,53.26
2020-10-02T00:09:03,33,22.33,992.53,53.12
2020-10-02T00:10:02,33,22.33,992.55,53.18
2020-10-02T00:11:03,33,22.32,992.58,53.3
2020-10-02T00:12:02,33,22.32,992.58,52.96
2020-10-02T00:13:02,33,22.32,992.58,53.3
2020-10-02T00:14:02,33,22.33,992.56,53.33
2020-10-02T00:15:02,33,22.32,992.54,53.07
2020-10-02T00:16:02,33,22.32,992.57,53.14
2020-10-02T00:17:02,33,22.32,992.56,53.0
2020-10-02T00:18:02,33,22.32,992.51,53.06
2020-10-02T00:19:02,33,22.3,992.53,53.1
2020-10-02T00:20:03,33,22.31,992.51,53.03
2020-10-02T00:21:02,33,22.32,992.52,53.12
2020-10-02T00:22:03,33,22.31,992.49,53.27
2020-10-02T00:23:02,33,22.31,992.52,53.25
2020-10-02T00:24:02,33,22.31,992.47,53.39
2020-10-02T00:25:02,33,22.32,992.49,53.17
2020-10-02T00:26:02,33,22.33,992.47,53.06
2020-10-02T00:27:02,33,22.33,992.51,53.06
2020-10-02T00:28:02,33,22.33,992.51,53.21
2020-10-02T00:29:03,33,22.33,992.5,53.05
2020-10-02T00:30:02,33,22.34,992.52,53.3
2020-10-02T00:31:02,33,22.35,992.52,53.23
2020-10-02T00:32:02,33,22.34,992.55,53.21
2020-10-02T00:33:02,33,22.34,992.53,53.22
2020-10-02T00:34:02,33,22.35,992.54,53.12
2020-10-02T00:35:02,33,22.35,992.53,53.0
2020-10-02T00:36:03,33,22.36,992.53,53.22
2020-10-02T00:37:02,33,22.35,992.52,53.08
2020-10-02T00:38:02,33,22.35,992.52,53.07
2020-10-02T00:39:02,33,22.34,992.57,53.18
2020-10-02T00:40:02,33,22.33,992.55,53.07
2020-10-02T00:41:02,33,22.33,992.55,53.34
2020-10-02T00:42:02,33,22.33,992.52,53.07
2020-10-02T00:43:02,33,22.31,992.48,53.11
2020-10-02T00:44:02,33,22.32,992.51,53.01
2020-10-02T00:45:03,33,22.32,992.49,53.02
2020-10-02T00:46:02,33,22.31,992.49,53.03
2020-10-02T00:47:03,33,22.31,992.5,53.04
2020-10-02T00:48:02,33,22.32,992.5,53.2
2020-10-02T00:49:03,33,22.32,992.51,53.2
2020-10-02T00:50:02,33,22.32,992.56,53.27
2020-10-02T00:51:02,33,22.32,992.5,53.28
2020-10-02T00:52:03,33,22.32,992.52,53.39
2020-10-02T00:53:02,33,22.33,992.57,52.97
2020-10-02T00:54:03,33,22.33,992.55,53.29
2020-10-02T00:55:02,33,22.33,992.52,53.0
2020-10-02T00:56:02,33,22.33,992.54,53.28
2020-10-02T00:57:02,33,22.34,992.58,53.07
2020-10-02T00:58:02,33,22.34,992.51,53.08
2020-10-02T00:59:02,33,22.34,992.53,53.19
2020-10-02T01:00:02,33,22.35,992.53,52.97
2020-10-02T01:01:02,33,22.35,992.52,53.06
2020-10-02T01:02:02,33,22.35,992.53,53.21
2020-10-02T01:03:02,33,22.36,992.54,52.97
2020-10-02T01:04:02,33,22.36,992.52,53.25
2020-10-02T01:05:03,33,22.37,992.5,53.23
2020-10-02T01:06:02,33,22.37,992.47,53.22
2020-10-02T01:07:03,33,22.38,992.46,53.02
2020-10-02T01:08:02,33,22.37,992.45,53.27
2020-10-02T01:09:02,33,22.36,992.47,53.03
2020-10-02T01:10:02,33,22.36,992.45,52.89
2020-10-02T01:11:02,33,22.36,992.42,52.97
2020-10-02T01:12:02,33,22.35,992.42,53.05
2020-10-02T01:13:02,33,22.35,992.41,52.83
2020-10-02T01:14:03,33,22.34,992.4,52.91
2020-10-02T01:15:02,33,22.34,992.38,53.06
2020-10-02T01:16:03,33,22.34,992.4,53.12
2020-10-02T01:17:02,33,22.33,992.39,53.29
2020-10-02T01:18:03,33,22.34,992.37,53.03
2020-10-02T01:19:02,33,22.33,992.4,53.26
2020-10-02T01:20:02,33,22.32,992.39,53.2
2020-10-02T01:21:02,33,22.32,992.41,53.12
2020-10-02T01:22:02,33,22.32,992.41,53.0
2020-10-02T01:23:02,33,22.32,992.43,53.1
2020-10-02T01:24:02,33,22.32,992.42,53.18
2020-10-02T01:25:03,33,22.33,992.43,53.02
2020-10-02T01:26:02,33,22.33,992.38,53.0
2020-10-02T01:27:03,33,22.33,992.41,53.21
2020-10-02T01:28:02,33,22.33,992.41,53.06
2020-10-02T01:29:02,33,22.33,992.45,53.07
2020-10-02T01:30:02,33,22.33,992.43,53.1
2020-10-02T01:31:02,33,22.34,992.41,53.26
2020-10-02T01:32:02,33,22.34,992.43,53.15
2020-10-02T01:33:02,33,22.34,992.43,53.2
2020-10-02T01:34:03,33,22.35,992.42,53.23
2020-10-02T01:35:02,33,22.35,992.44,53.1
2020-10-02T01:36:03,33,22.35,992.42,53.2
2020-10-02T01:37:02,33,22.36,992.41,53.04
2020-10-02T01:38:02,33,22.35,992.42,52.97
2020-10-02T01:39:03,33,22.36,992.41,53.09
2020-10-02T01:40:02,33,22.36,992.47,53.07
2020-10-02T01:41:02,33,22.35,992.4,53.19
2020-10-02T01:42:02,33,22.35,992.44,52.97
2020-10-02T01:43:02,33,22.35,992.44,53.0
2020-10-02T01:44:02,33,22.34,992.44,53.0
2020-10-02T01:45:02,33,22.33,992.43,53.24
2020-10-02T01:46:02,33,22.33,992.41,53.0
2020-10-02T01:47:02,33,22.33,992.45,53.21
2020-10-02T01:48:03,33,22.32,992.44,53.32
2020-10-02T01:49:02,33,22.32,992.43,53.11
2020-10-02T01:50:02,33,22.32,992.43,53.18
2020-10-02T01:51:02,33,22.32,992.42,53.05
2020-10-02T01:52:02,33,22.31,992.39,53.11
2020-10-02T01:53:02,33,22.32,992.41,53.0
2020-10-02T01:54:02,33,22.32,992.37,53.2
2020-10-02T01:55:02,33,22.32,992.35,53.06
2020-10-02T01:56:02,33,22.31,992.33,53.08
2020-10-02T01:57:03,33,22.31,992.38,53.09
2020-10-02T01:58:02,33,22.32,992.39,53.09
2020-10-02T01:59:03,33,22.32,992.36,53.16
2020-10-02T02:00:02,33,22.32,992.38,53.03
2020-10-02T02:01:02,33,22.33,992.37,53.18
2020-10-02T02:02:03,33,22.32,992.38,53.06
2020-10-02T02:03:02,33,22.33,992.35,53.02
2020-10-02T02:04:03,33,22.33,992.33,53.26
2020-10-02T02:05:02,33,22.33,992.31,53.26
2020-10-02T02:06:02,33,22.32,992.31,53.25
2020-10-02T02:07:02,33,22.34,992.34,53.03
2020-10-02T02:08:02,33,22.33,992.33,53.2
2020-10-02T02:09:02,33,22.34,992.34,53.05
2020-10-02T02:10:02,33,22.34,992.37,53.2
2020-10-02T02:11:03,33,22.35,992.36,53.18
2020-10-02T02:12:02,33,22.35,992.39,53.04
2020-10-02T02:13:03,33,22.34,992.4,53.24
2020-10-02T02:14:02,33,22.35,992.39,53.19
2020-10-02T02:15:02,33,22.34,992.4,52.99
2020-10-02T02:16:02,33,22.32,992.4,53.16
2020-10-02T02:17:02,33,22.33,992.4,53.02
2020-10-02T02:18:02,33,22.32,992.39,53.31
2020-10-02T02:19:02,33,22.32,992.37,53.14
2020-10-02T02:20:02,33,22.31,992.33,53.11
2020-10-02T02:21:02,33,22.32,992.38,53.07
2020-10-02T02:22:02,33,22.31,992.33,53.04
2020-10-02T02:23:02,33,22.32,992.37,53.06
2020-10-02T02:24:02,33,22.31,992.34,53.11
2020-10-02T02:25:02,33,22.32,992.34,53.05
2020-10-02T02:26:02,33,22.32,992.3,53.08
2020-10-02T02:27:03,33,22.31,992.29,53.16
2020-10-02T02:28:02,33,22.31,992.32,53.35
2020-10-02T02:29:03,33,22.31,992.29,53.31
2020-10-02T02:30:02,33,22.31,992.28,53.07
2020-10-02T02:31:03,33,22.31,992.32,53.21
2020-10-02T02:32:02,33,22.31,992.3,53.27
2020-10-02T02:33:02,33,22.31,992.33,53.09
2020-10-02T02:34:02,33,22.31,992.33,53.39
2020-10-02T02:35:02,33,22.32,992.34,53.12
2020-10-02T02:36:02,33,22.32,992.3,53.33
2020-10-02T02:37:02,33,22.32,992.34,53.1
2020-10-02T02:38:02,33,22.33,992.33,53.25
2020-10-02T02:39:02,33,22.34,992.37,53.26
2020-10-02T02:40:02,33,22.34,992.34,53.28
2020-10-02T02:41:02,33,22.34,992.32,53.3
2020-10-02T02:42:03,33,22.35,992.34,52.93
2020-10-02T02:43:02,33,22.35,992.31,53.07
2020-10-02T02:44:03,33,22.35,992.33,53.24
2020-10-02T02:45:02,33,22.36,992.35,53.3
2020-10-02T02:46:02,33,22.35,992.33,52.98
2020-10-02T02:47:02,33,22.35,992.39,53.21
2020-10-02T02:48:02,33,22.35,992.37,53.14
2020-10-02T02:49:02,33,22.33,992.33,53.14
2020-10-02T02:50:02,33,22.34,992.38,53.24
2020-10-02T02:51:03,33,22.33,992.38,53.25
2020-10-02T02:52:02,33,22.33,992.38,53.22
2020-10-02T02:53:03,33,22.32,992.35,53.08
2020-10-02T02:54:02,33,22.31,992.37,53.06
2020-10-02T02:55:02,33,22.31,992.38,53.17
2020-10-02T02:56:02,33,22.31,992.37,53.26
2020-10-02T02:57:02,33,22.31,992.38,53.33
2020-10-02T02:58:02,33,22.32,992.34,53.34
2020-10-02T02:59:02,33,22.31,992.39,53.1
2020-10-02T03:00:03,33,22.31,992.37,53.3
2020-10-02T03:01:02,33,22.31,992.42,53.03
2020-10-02T03:02:02,33,22.32,992.41,53.16
2020-10-02T03:03:02,33,22.31,992.46,53.09
2020-10-02T03:04:02,33,22.3,992.5,53.29
2020-10-02T03:05:02,33,22.3,992.45,53.09
2020-10-02T03:06:02,33,22.31,992.48,53.08
2020-10-02T03:07:03,33,22.32,992.45,53.21
2020-10-02T03:08:02,33,22.31,992.46,53.22
2020-10-02T03:09:03,33,22.32,992.44,53.31
2020-10-02T03:10:02,33,22.32,992.46,53.32
2020-10-02T03:11:02,33,22.31,992.48,53.11
2020-10-02T03:12:02,33,22.31,992.51,53.18
2020-10-02T03:13:02,33,22.32,992.44,53.0
2020-10-02T03:14:03,33,22.32,992.44,53.27
2020-10-02T03:15:02,33,22.32,992.46,53.36
2020-10-02T03:16:03,33,22.33,992.49,53.05
2020-10-02T03:17:02,33,22.33,992.48,53.05
2020-10-02T03:18:02,33,22.33,992.48,53.19
2020-10-02T03:19:02,33,22.32,992.52,53.15
2020-10-02T03:20:02,33,22.33,992.53,53.16
2020-10-02T03:21:02,33,22.33,992.53,53.05
2020-10-02T03:22:02,33,22.32,992.53,53.09
2020-10-02T03:23:02,33,22.32,992.57,53.21
2020-10-02T03:24:02,33,22.32,992.54,53.28
2020-10-02T03:25:03,33,22.31,992.53,53.16
2020-10-02T03:26:02,33,22.3,992.57,53.37
2020-10-02T03:27:03,33,22.31,992.57,52.93
2020-10-02T03:28:02,33,22.3,992.59,53.28
2020-10-02T03:29:02,33,22.3,992.61,53.08
2020-10-02T03:30:02,33,22.29,992.59,53.22
2020-10-02T03:31:02,33,22.29,992.61,53.3
2020-10-02T03:32:02,33,22.3,992.57,53.36
2020-10-02T03:33:02,33,22.3,992.62,53.15
2020-10-02T03:34:02,33,22.3,992.59,53.28
2020-10-02T03:35:02,33,22.29,992.61,53.12
2020-10-02T03:36:02,33,22.29,992.58,53.16
2020-10-02T03:37:02,33,22.29,992.58,53.25
2020-10-02T03:38:03,33,22.3,992.57,53.2
2020-10-02T03:39:02,33,22.31,992.6,53.28
2020-10-02T03:40:03,33,22.29,992.61,53.34
2020-10-02T03:41:02,33,22.29,992.59,53.28
2020-10-02T03:42:02,33,22.3,992.6,53.31
2020-10-02T03:43:02,33,22.29,992.58,53.01
2020-10-02T03:44:02,33,22.3,992.64,53.25
2020-10-02T03:45:02,33,22.31,992.64,53.32
2020-10-02T03:46:02,33,22.3,992.67,53.2
2020-10-02T03:47:02,33,22.31,992.65,53.36
2020-10-02T03:48:02,33,22.31,992.67,53.32
2020-10-02T03:49:03,33,22.33,992.68,53.11
2020-10-02T03:50:02,33,22.32,992.71,53.23
2020-10-02T03:51:03,33,22.33,992.68,53.17
2020-10-02T03:52:02,33,22.34,992.71,53.15
2020-10-02T03:53:02,33,22.33,992.7,53.14
2020-10-02T03:54:02,33,22.34,992.76,53.13
2020-10-02T03:55:02,33,22.35,992.74,53.17
2020-10-02T03:56:02,33,22.33,992.75,53.23
2020-10-02T03:57:02,33,22.34,992.8,53.03
2020-10-02T03:58:03,33,22.34,992.83,53.09
2020-10-02T03:59:02,33,22.33,992.8,53.26
2020-10-02T04:00:03,33,22.32,992.85,53.08
2020-10-02T04:01:02,33,22.31,992.86,53.27
2020-10-02T04:02:02,33,22.33,992.89,53.1
2020-10-02T04:03:02,33,22.32,992.92,53.36
2020-10-02T04:04:02,33,22.31,992.86,53.23
2020-10-02T04:05:02,33,22.3,992.88,53.17
2020-10-02T04:06:02,33,22.3,992.89,53.17
2020-10-02T04:07:02,33,22.3,992.87,53.17
2020-10-02T04:08:02,33,22.32,992.89,53.33
2020-10-02T04:09:02,33,22.31,992.88,53.29
2020-10-02T04:10:02,33,22.3,992.87,53.32
2020-10-02T04:11:03,33,22.31,992.84,53.26
2020-10-02T04:12:02,33,22.3,992.84,53.28
2020-10-02T04:13:03,33,22.31,992.8,53.34
2020-10-02T04:14:02,33,22.3,992.81,53.01
2020-10-02T04:15:02,33,22.31,992.8,53.12
2020-10-02T04:16:02,33,22.3,992.81,53.22
2020-10-02T04:17:02,33,22.31,992.77,53.31
2020-10-02T04:18:02,33,22.31,992.79,53.27
2020-10-02T04:19:02,33,22.32,992.77,53.16
2020-10-02T04:20:02,33,22.32,992.79,53.2
2020-10-02T04:21:02,33,22.33,992.79,53.06
2020-10-02T04:22:02,33,22.32,992.78,53.31
2020-10-02T04:23:02,33,22.32,992.79,53.23
2020-10-02T04:24:02,33,22.32,992.78,53.08
2020-10-02T04:25:02,33,22.33,992.77,53.17
2020-10-02T04:26:02,33,22.33,992.79,53.19
2020-10-02T04:27:03,33,22.32,992.84,53.22
2020-10-02T04:28:02,33,22.32,992.82,53.34
2020-10-02T04:29:03,33,22.34,992.82,53.42
2020-10-02T04:30:02,33,22.33,992.79,52.97
2020-10-02T04:31:03,33,22.33,992.8,53.24
2020-10-02T04:32:02,33,22.33,992.8,53.32
2020-10-02T04:33:02,33,22.33,992.77,53.26
2020-10-02T04:34:02,33,22.32,992.76,53.27
2020-10-02T04:35:02,33,22.32,992.76,53.11
2020-10-02T04:36:02,33,22.32,992.73,53.34
2020-10-02T04:37:02,33,22.31,992.74,53.22
2020-10-02T04:38:02,33,22.31,992.74,53.29
2020-10-02T04:39:02,33,22.3,992.72,53.11
2020-10-02T04:40:03,33,22.3,992.74,53.0
2020-10-02T04:41:02,33,22.3,992.75,53.08
2020-10-02T04:42:03,33,22.3,992.75,53.04
2020-10-02T04:43:02,33,22.31,992.78,53.14
2020-10-02T04:44:02,33,22.3,992.8,53.41
2020-10-02T04:45:02,33,22.3,992.79,52.99
2020-10-02T04:46:02,33,22.3,992.81,53.36
2020-10-02T04:47:02,33,22.3,992.81,53.26
2020-10-02T04:48:02,33,22.32,992.81,53.27
2020-10-02T04:49:03,33,22.31,992.8,53.31
2020-10-02T04:50:02,33,22.31,992.81,53.3
2020-10-02T04:51:03,33,22.32,992.83,53.32
2020-10-02T04:52:02,33,22.32,992.85,53.14
2020-10-02T04:53:02,33,22.32,992.89,53.04
2020-10-02T04:54:02,33,22.32,992.87,53.24
2020-10-02T04:55:02,33,22.33,992.89,53.05
2020-10-02T04:56:02,33,22.34,992.86,53.25
2020-10-02T04:57:02,33,22.34,992.88,53.07
2020-10-02T04:58:02,33,22.35,992.88,53.1
2020-10-02T04:59:02,33,22.35,992.91,53.06
2020-10-02T05:00:03,33,22.35,992.91,53.37
2020-10-02T05:01:02,33,22.35,992.92,53.24
2020-10-02T05:02:03,33,22.36,992.88,53.02
2020-10-02T05:03:02,33,22.35,992.9,53.12
2020-10-02T05:04:02,33,22.34,992.9,53.19
2020-10-02T05:05:02,33,22.35,992.9,53.03
2020-10-02T05:06:02,33,22.33,992.9,53.34
2020-10-02T05:07:02,33,22.33,992.86,53.07
2020-10-02T05:08:02,33,22.34,992.89,53.07
2020-10-02T05:09:02,33,22.32,992.91,53.1
2020-10-02T05:10:02,33,22.32,992.94,52.99
2020-10-02T05:11:03,33,22.31,992.94,53.21
2020-10-02T05:12:02,33,22.31,992.95,52.96
2020-10-02T05:13:02,33,22.31,992.93,53.22
2020-10-02T05:14:02,33,22.31,992.97,53.11
2020-10-02T05:15:02,33,22.31,992.98,53.28
2020-10-02T05:16:03,33,22.31,993.0,53.0
2020-10-02T05:17:02,33,22.31,993.02,53.4
2020-10-02T05:18:02,33,22.31,992.99,52.97
2020-10-02T05:19:02,33,22.31,993.02,53.32
2020-10-02T05:20:02,33,22.31,993.09,53.38
2020-10-02T05:21:02,33,22.31,993.14,53.14
2020-10-02T05:22:02,33,22.32,993.15,53.09
2020-10-02T05:23:02,33,22.32,993.16,52.96
2020-10-02T05:24:02,33,22.32,993.17,53.3
2020-10-02T05:25:03,33,22.32,993.15,53.43
2020-10-02T05:26:02,33,22.33,993.12,53.01
2020-10-02T05:27:03,33,22.33,993.15,53.23
2020-10-02T05:28:02,33,22.34,993.14,53.15
2020-10-02T05:29:02,33,22.33,993.13,53.19
2020-10-02T05:30:03,33,22.35,993.17,53.24
2020-10-02T05:31:02,33,22.36,993.18,53.39
2020-10-02T05:32:03,33,22.37,993.17,53.23
2020-10-02T05:33:03,33,22.37,993.2,53.33
2020-10-02T05:34:02,33,22.36,993.17,53.24
2020-10-02T05:35:03,33,22.37,993.13,53.14
2020-10-02T05:36:02,33,22.36,993.1,53.16
2020-10-02T05:37:02,33,22.36,993.09,53.32
2020-10-02T05:38:02,33,22.35,993.12,53.16
2020-10-02T05:39:02,33,22.35,993.18,53.28
2020-10-02T05:40:02,33,22.35,993.14,53.17
2020-10-02T05:41:02,33,22.35,993.15,52.98
2020-10-02T05:42:03,33,22.35,993.13,53.26
2020-10-02T05:43:02,33,22.33,993.14,53.27
2020-10-02T05:44:03,33,22.34,993.13,53.01
2020-10-02T05:45:02,33,22.34,993.16,53.26
2020-10-02T05:46:02,33,22.35,993.18,53.23
2020-10-02T05:47:02,33,22.35,993.19,53.23
2020-10-02T05:48:02,33,22.34,993.17,53.16
2020-10-02T05:49:02,33,22.35,993.19,53.1
2020-10-02T05:50:02,33,22.35,993.21,53.22
2020-10-02T05:51:02,33,22.33,993.2,53.17
2020-10-02T05:52:02,33,22.33,993.22,53.18
2020-10-02T05:53:03,33,22.33,993.23,53.11
2020-10-02T05:54:02,33,22.32,993.24,53.07
2020-10-02T05:55:03,33,22.32,993.29,53.16
2020-10-02T05:56:02,33,22.31,993.32,53.21
2020-10-02T05:57:02,33,22.31,993.34,53.18
2020-10-02T05:58:02,33,22.3,993.36,53.02
2020-10-02T05:59:02,33,22.29,993.36,53.19
2020-10-02T06:00:02,33,22.29,993.35,53.05
2020-10-02T06:01:02,33,22.27,993.35,53.0
2020-10-02T06:02:03,33,22.26,993.36,53.31
2020-10-02T06:03:02,33,22.26,993.34,53.34
2020-10-02T06:04:03,33,22.24,993.36,53.09
2020-10-02T06:05:02,33,22.23,993.34,53.1
2020-10-02T06:06:02,33,22.22,993.35,53.15
2020-10-02T06:07:02,33,22.22,993.38,53.18
2020-10-02T06:08:02,33,22.21,993.37,53.11
2020-10-02T06:09:02,33,22.22,993.37,53.35
2020-10-02T06:10:02,33,22.22,993.35,53.44
2020-10-02T06:11:02,33,22.21,993.36,53.26
2020-10-02T06:12:02,33,22.22,993.4,53.36
2020-10-02T06:13:02,33,22.22,993.41,53.18
2020-10-02T06:14:02,33,22.22,993.45,53.21
2020-10-02T06:15:02,33,22.23,993.39,53.25
2020-10-02T06:16:02,33,22.23,993.4,53.48
2020-10-02T06:17:02,33,22.23,993.45,53.21
2020-10-02T06:18:03,33,22.23,993.43,53.36
2020-10-02T06:19:02,33,22.22,993.46,53.14
2020-10-02T06:20:03,33,22.24,993.46,53.48
2020-10-02T06:21:02,33,22.24,993.46,53.49
2020-10-02T06:22:02,33,22.25,993.48,53.05
2020-10-02T06:23:02,33,22.24,993.46,53.38
2020-10-02T06:24:02,33,22.24,993.49,53.23
2020-10-02T06:25:03,33,22.25,993.51,53.29
2020-10-02T06:26:02,33,22.25,993.5,53.34
2020-10-02T06:27:03,33,22.25,993.5,53.41
2020-10-02T06:28:02,33,22.25,993.51,53.38
2020-10-02T06:29:02,33,22.25,993.54,53.47
2020-10-02T06:30:02,33,22.26,993.61,53.4
2020-10-02T06:31:02,33,22.27,993.6,53.4
2020-10-02T06:32:02,33,22.25,993.6,53.09
2020-10-02T06:33:02,33,22.26,993.6,53.42
2020-10-02T06:34:03,33,22.27,993.61,53.36
2020-10-02T06:35:02,33,22.27,993.58,53.45
2020-10-02T06:36:03,33,22.28,993.62,53.17
2020-10-02T06:37:02,33,22.29,993.67,53.27
2020-10-02T06:38:03,33,22.29,993.63,53.38
2020-10-02T06:39:02,33,22.3,993.65,53.14
2020-10-02T06:40:02,33,22.31,993.72,53.17
2020-10-02T06:41:02,33,22.31,993.73,53.15
2020-10-02T06:42:02,33,22.3,993.75,52.97
2020-10-02T06:43:02,33,22.31,993.82,53.15
2020-10-02T06:44:02,33,22.31,993.75,53.29
2020-10-02T06:45:02,33,22.3,993.77,53.13
2020-10-02T06:46:02,33,22.31,993.8,53.05
2020-10-02T06:47:03,33,22.31,993.81,53.07
2020-10-02T06:48:02,33,22.3,993.81,53.14
2020-10-02T06:49:03,33,22.3,993.87,53.33
2020-10-02T06:50:02,33,22.3,993.87,53.06
2020-10-02T06:51:02,33,22.29,993.91,53.14
2020-10-02T06:52:02,33,22.29,993.87,53.06
2020-10-02T06:53:02,33,22.29,993.83,53.16
2020-10-02T06:54:02,33,22.3,993.83,53.2
2020-10-02T06:55:02,33,22.3,993.81,53.2
2020-10-02T06:56:02,33,22.3,993.81,53.04
2020-10-02T06:57:02,33,22.31,993.78,53.03
2020-10-02T06:58:03,33,22.31,993.78,53.27
2020-10-02T06:59:02,33,22.32,993.83,53.0
2020-10-02T07:00:03,33,22.34,993.81,53.12
2020-10-02T07:01:02,33,22.35,993.82,53.14
2020-10-02T07:02:02,33,22.35,993.87,53.14
2020-10-02T07:03:02,33,22.36,993.87,53.2
2020-10-02T07:04:02,33,22.38,993.86,53.11
2020-10-02T07:05:02,33,22.4,993.92,53.15
2020-10-02T07:06:02,33,22.4,993.91,52.95
2020-10-02T07:07:02,33,22.41,993.92,53.09
2020-10-02T07:08:02,33,22.41,993.92,52.8
2020-10-02T07:09:03,33,22.42,993.97,52.87
2020-10-02T07:10:02,33,22.44,993.99,52.85
2020-10-02T07:11:03,33,22.46,994.02,52.75
2020-10-02T07:12:02,33,22.46,994.04,52.88
2020-10-02T07:13:02,33,22.47,994.05,52.86
2020-10-02T07:14:02,33,22.47,994.07,52.69
2020-10-02T07:15:02,33,22.48,994.06,52.77
2020-10-02T07:16:02,33,22.49,994.03,52.89
2020-10-02T07:17:02,33,22.5,994.02,52.86
2020-10-02T07:18:02,33,22.49,994.05,52.91
2020-10-02T07:19:02,33,22.5,994.07,52.99
2020-10-02T07:20:03,33,22.51,994.09,52.89
2020-10-02T07:21:02,33,22.53,994.08,52.91
2020-10-02T07:22:02,33,22.55,994.02,52.62
2020-10-02T07:23:02,33,22.58,994.08,52.83
2020-10-02T07:24:02,33,22.6,994.08,52.64
2020-10-02T07:25:02,33,22.65,994.06,52.57
2020-10-02T07:26:02,33,22.67,994.06,52.45
2020-10-02T07:27:03,33,22.7,994.08,52.44
2020-10-02T07:28:02,33,22.73,994.08,52.66
2020-10-02T07:29:02,33,22.74,994.03,52.6
2020-10-02T07:30:02,33,22.75,994.07,52.65
2020-10-02T07:31:02,33,22.74,994.12,52.31
2020-10-02T07:32:02,33,22.74,994.13,52.39
2020-10-02T07:33:03,33,22.75,994.16,52.43
2020-10-02T07:34:02,33,22.75,994.12,52.27
2020-10-02T07:35:02,33,22.78,994.08,52.61
2020-10-02T07:36:02,33,22.78,994.05,52.35
2020-10-02T07:37:02,33,22.8,994.1,52.38
2020-10-02T07:38:02,33,22.82,994.08,52.56
2020-10-02T07:39:02,33,22.85,994.11,52.38
2020-10-02T07:40:03,33,22.84,994.15,52.24
2020-10-02T07:41:02,33,22.82,994.22,52.37
2020-10-02T07:42:02,33,22.8,994.27,52.29
2020-10-02T07:43:03,33,22.78,994.3,52.26
2020-10-02T07:44:02,33,22.74,994.32,52.3
2020-10-02T07:45:03,33,22.71,994.34,52.52
2020-10-02T07:46:02,33,22.69,994.32,52.5
2020-10-02T07:47:02,33,22.67,994.32,52.64
2020-10-02T07:48:02,33,22.66,994.34,52.71
2020-10-02T07:49:02,33,22.69,994.34,52.43
2020-10-02T07:50:02,33,22.71,994.32,52.53
2020-10-02T07:51:02,33,22.77,994.35,52.35
2020-10-02T07:52:03,33,22.8,994.37,52.37
2020-10-02T07:53:02,33,22.87,994.39,52.4
2020-10-02T07:54:03,33,22.93,994.37,52.32
2020-10-02T07:55:02,33,22.98,994.35,52.32
2020-10-02T07:56:02,33,23.03,994.34,52.29
2020-10-02T07:57:02,33,23.06,994.36,52.12
2020-10-02T07:58:02,33,23.07,994.37,51.98
2020-10-02T07:59:03,33,23.07,994.37,52.04
2020-10-02T08:00:02,33,23.06,994.37,51.98
2020-10-02T08:01:03,33,23.04,994.38,51.93
2020-10-02T08:02:02,33,23.02,994.37,51.86
2020-10-02T08:03:02,33,22.98,994.36,52.08
2020-10-02T08:04:02,33,22.95,994.37,52.11
2020-10-02T08:05:02,33,22.92,994.38,52.18
2020-10-02T08:06:03,33,22.89,994.43,51.97
2020-10-02T08:07:02,33,22.87,994.37,52.12
2020-10-02T08:08:03,33,22.84,994.37,52.15
2020-10-02T08:09:02,33,22.82,994.36,52.09
2020-10-02T08:10:02,33,22.8,994.4,52.06
2020-10-02T08:11:02,33,22.77,994.4,52.43
2020-10-02T08:12:02,33,22.76,994.36,52.32
2020-10-02T08:13:02,33,22.75,994.37,52.21
2020-10-02T08:14:02,33,22.73,994.37,52.25
2020-10-02T08:15:03,33,22.72,994.35,52.47
2020-10-02T08:16:02,33,22.71,994.37,52.39
2020-10-02T08:17:03,33,22.71,994.37,52.33
2020-10-02T08:18:02,33,22.71,994.4,52.44
2020-10-02T08:19:02,33,22.73,994.39,52.39
2020-10-02T08:20:02,33,22.74,994.39,52.48
2020-10-02T08:21:02,33,22.75,994.43,52.55
2020-10-02T08:22:02,33,22.74,994.4,52.26
2020-10-02T08:23:02,33,22.75,994.37,52.58
2020-10-02T08:24:02,33,22.74,994.38,52.52
2020-10-02T08:25:02,33,22.73,994.39,52.56
2020-10-02T08:26:03,33,22.74,994.43,52.34
2020-10-02T08:27:02,33,22.74,994.47,52.53
2020-10-02T08:28:03,33,22.74,994.45,52.6
2020-10-02T08:29:02,33,22.76,994.44,52.39
2020-10-02T08:30:02,33,22.79,994.46,52.24
2020-10-02T08:31:02,33,22.81,994.47,52.32
2020-10-02T08:32:02,33,22.82,994.47,52.45
2020-10-02T08:33:02,33,22.87,994.49,52.21
2020-10-02T08:34:02,33,22.92,994.54,52.1
2020-10-02T08:35:03,33,23.0,994.53,52.29
2020-10-02T08:36:02,33,23.06,994.54,52.25
2020-10-02T08:37:03,33,23.12,994.54,51.76
2020-10-02T08:38:02,33,23.18,994.54,51.81
2020-10-02T08:39:02,33,23.23,994.55,51.9
2020-10-02T08:40:02,33,23.28,994.55,51.55
2020-10-02T08:41:02,33,23.32,994.56,51.75
2020-10-02T08:42:02,33,23.37,994.54,51.36
2020-10-02T08:43:02,33,23.41,994.57,51.22
2020-10-02T08:44:02,33,23.45,994.55,51.11
2020-10-02T08:45:03,33,23.5,994.58,51.12
2020-10-02T08:46:02,33,23.54,994.6,51.12
2020-10-02T08:47:03,33,23.56,994.58,51.22
2020-10-02T08:48:02,33,23.58,994.59,50.94
2020-10-02T08:49:02,33,23.6,994.56,51.13
2020-10-02T08:50:02,33,23.62,994.57,50.95
2020-10-02T08:51:02,33,23.65,994.58,50.97
2020-10-02T08:52:03,33,23.66,994.58,50.97
2020-10-02T08:53:02,33,23.67,994.6,50.87
2020-10-02T08:54:02,33,23.71,994.58,50.63
2020-10-02T08:55:03,33,23.72,994.61,50.67
2020-10-02T08:56:02,33,23.72,994.59,50.83
2020-10-02T08:57:03,33,23.73,994.56,50.82
2020-10-02T08:58:02,33,23.74,994.58,50.84
2020-10-02T08:59:02,33,23.74,994.5,50.8
2020-10-02T09:00:02,33,23.74,994.47,50.52
2020-10-02T09:01:02,33,23.77,994.44,50.63
2020-10-02T09:02:03,33,23.77,994.4,50.7
2020-10-02T09:03:02,33,23.78,994.43,50.19
2020-10-02T09:04:02,33,23.81,994.46,50.61
2020-10-02T09:05:03,33,23.82,994.43,50.6
2020-10-02T09:06:02,33,23.84,994.45,50.5
2020-10-02T09:07:02,33,23.86,994.46,50.54
2020-10-02T09:08:02,33,23.89,994.46,50.48
2020-10-02T09:09:02,33,23.9,994.43,50.41
2020-10-02T09:10:02,33,23.93,994.4,50.43
2020-10-02T09:11:02,33,23.94,994.36,50.36
2020-10-02T09:12:03,33,23.94,994.33,50.46
2020-10-02T09:13:02,33,23.94,994.28,50.33
2020-10-02T09:14:02,33,23.98,994.24,50.37
2020-10-02T09:15:02,33,23.98,994.3,50.37
2020-10-02T09:16:02,33,23.95,994.39,50.38
2020-10-02T09:17:03,33,23.97,994.45,50.24
2020-10-02T09:18:02,33,23.95,994.46,50.27
2020-10-02T09:19:03,33,23.96,994.47,50.32
2020-10-02T09:20:02,33,23.99,994.47,50.22
2020-10-02T09:21:02,33,24.01,994.45,50.16
2020-10-02T09:22:02,33,24.02,994.46,50.24
2020-10-02T09:23:02,33,24.04,994.4,50.14
2020-10-02T09:24:02,33,24.03,994.41,50.23
2020-10-02T09:25:02,33,24.05,994.42,50.37
2020-10-02T09:26:03,33,24.07,994.45,50.14
2020-10-02T09:27:02,33,24.08,994.45,50.15
2020-10-02T09:28:03,33,24.1,994.45,50.27
2020-10-02T09:29:02,33,24.13,994.42,50.08
2020-10-02T09:30:02,33,24.14,994.41,50.29
2020-10-02T09:31:02,33,24.15,994.37,49.96
2020-10-02T09:32:02,33,24.18,994.34,50.2
2020-10-02T09:33:03,33,24.2,994.39,50.13
2020-10-02T09:34:02,33,24.22,994.34,50.01
2020-10-02T09:35:03,33,24.23,994.4,49.98
2020-10-02T09:36:02,33,24.25,994.46,50.11
2020-10-02T09:37:02,33,24.29,994.45,50.16
2020-10-02T09:38:02,33,24.32,994.45,49.96
2020-10-02T09:39:02,33,24.33,994.43,49.87
2020-10-02T09:40:02,33,24.34,994.43,50.07
2020-10-02T09:41:02,33,24.36,994.46,49.87
2020-10-02T09:42:03,33,24.39,994.46,49.88
2020-10-02T09:43:02,33,24.4,994.46,49.75
2020-10-02T09:44:02,33,24.41,994.43,49.92
2020-10-02T09:45:02,33,24.44,994.42,49.68
2020-10-02T09:46:02,33,24.44,994.41,49.73
2020-10-02T09:47:02,33,24.46,994.41,49.84
2020-10-02T09:48:02,33,24.47,994.43,49.87
2020-10-02T09:49:03,33,24.5,994.35,49.58
2020-10-02T09:50:02,33,24.5,994.34,49.62
2020-10-02T09:51:02,33,24.5,994.37,49.49
2020-10-02T09:52:02,33,24.5,994.43,49.4
2020-10-02T09:53:02,33,24.52,994.47,49.66
2020-10-02T09:54:02,33,24.51,994.46,49.43
2020-10-02T09:55:02,33,24.5,994.53,49.7
2020-10-02T09:56:03,33,24.53,994.47,49.48
2020-10-02T09:57:02,33,24.54,994.53,49.42
2020-10-02T09:58:03,33,24.55,994.47,49.56
2020-10-02T09:59:03,33,24.56,994.47,49.55
2020-10-02T10:00:02,33,24.57,994.5,49.53
2020-10-02T10:01:03,33,24.56,994.46,49.66
2020-10-02T10:02:02,33,24.57,994.4,49.52
2020-10-02T10:03:02,33,24.6,994.37,49.62
2020-10-02T10:04:02,33,24.62,994.43,49.65
2020-10-02T10:05:02,33,24.65,994.41,49.43
2020-10-02T10:06:03,33,24.67,994.4,49.61
2020-10-02T10:07:02,33,24.69,994.4,49.34
2020-10-02T10:08:03,33,24.71,994.43,49.27
2020-10-02T10:09:02,33,24.75,994.44,49.25
2020-10-02T10:10:02,33,24.74,994.48,49.18
2020-10-02T10:11:02,33,24.69,994.44,49.23
2020-10-02T10:12:02,33,24.65,994.49,49.6
2020-10-02T10:13:02,33,24.58,994.43,49.43
2020-10-02T10:14:02,33,24.53,994.43,49.61
2020-10-02T10:15:03,33,24.48,994.46,49.76
2020-10-02T10:16:02,33,24.46,994.51,49.8
2020-10-02T10:17:03,33,24.41,994.51,50.01
2020-10-02T10:18:02,33,24.37,994.54,50.17
2020-10-02T10:19:02,33,24.34,994.56,50.05
2020-10-02T10:20:03,33,24.3,994.59,50.14
2020-10-02T10:21:02,33,24.26,994.58,50.09
2020-10-02T10:22:02,33,24.24,994.59,50.13
2020-10-02T10:23:02,33,24.2,994.57,50.26
2020-10-02T10:24:02,33,24.19,994.57,50.39
2020-10-02T10:25:03,33,24.16,994.61,50.46
2020-10-02T10:26:02,33,24.14,994.59,50.59
2020-10-02T10:27:03,33,24.14,994.59,50.57
2020-10-02T10:28:02,33,24.13,994.58,50.48
2020-10-02T10:29:02,33,24.14,994.56,50.57
2020-10-02T10:30:02,33,24.12,994.52,50.51
2020-10-02T10:31:02,33,24.12,994.49,50.76
2020-10-02T10:32:03,33,24.11,994.48,50.72
2020-10-02T10:33:02,33,24.1,994.41,50.92
2020-10-02T10:34:02,33,24.09,994.44,50.73
2020-10-02T10:35:02,33,24.07,994.44,50.87
2020-10-02T10:36:02,33,24.07,994.46,50.94
2020-10-02T10:37:03,33,24.07,994.48,50.73
2020-10-02T10:38:02,33,24.08,994.51,50.89
2020-10-02T10:39:02,33,24.07,994.46,50.75
2020-10-02T10:40:02,33,24.08,994.45,50.83
2020-10-02T10:41:02,33,24.09,994.42,50.95
2020-10-02T10:42:03,33,24.09,994.39,50.81
2020-10-02T10:43:02,33,24.11,994.36,51.04
2020-10-02T10:44:03,33,24.1,994.41,51.0
2020-10-02T10:45:02,33,24.1,994.42,51.09
2020-10-02T10:46:02,33,24.11,994.45,51.17
2020-10-02T10:47:02,33,24.1,994.44,51.12
2020-10-02T10:48:02,33,24.1,994.46,50.94
2020-10-02T10:49:02,33,24.12,994.45,50.98
2020-10-02T10:50:02,33,24.13,994.45,51.08
2020-10-02T10:51:03,33,24.11,994.45,51.1
2020-10-02T10:52:02,33,24.13,994.37,51.09
2020-10-02T10:53:02,33,24.14,994.32,51.0
2020-10-02T10:54:02,33,24.15,994.31,51.15
2020-10-02T10:55:02,33,24.15,994.29,51.28
2020-10-02T10:56:02,33,24.14,994.29,51.07
2020-10-02T10:57:02,33,24.14,994.26,51.18
2020-10-02T10:58:03,33,24.12,994.31,51.22
2020-10-02T10:59:02,33,24.12,994.28,51.31
2020-10-02T11:00:02,33,24.11,994.25,51.25
2020-10-02T11:01:03,33,24.12,994.28,51.23
2020-10-02T11:02:02,33,24.15,994.29,51.35
2020-10-02T11:03:03,33,24.16,994.38,51.22
2020-10-02T11:04:02,33,24.19,994.36,51.14
2020-10-02T11:05:02,33,24.19,994.37,51.27
2020-10-02T11:06:03,33,24.22,994.4,50.81
2020-10-02T11:07:02,33,24.26,994.37,51.15
2020-10-02T11:08:02,33,24.29,994.35,51.13
2020-10-02T11:09:02,33,24.32,994.32,51.3
2020-10-02T11:10:02,33,24.3,994.34,51.06
2020-10-02T11:11:02,33,24.28,994.37,51.13
2020-10-02T11:12:02,33,24.27,994.42,51.13
2020-10-02T11:13:03,33,24.26,994.39,51.16
2020-10-02T11:14:02,33,24.28,994.43,51.17
2020-10-02T11:15:02,33,24.3,994.47,51.28
2020-10-02T11:16:03,33,24.32,994.44,51.15
2020-10-02T11:17:02,33,24.32,994.45,51.36
2020-10-02T11:18:02,33,24.35,994.42,51.14
2020-10-02T11:19:02,33,24.37,994.44,51.21
2020-10-02T11:20:02,33,24.37,994.41,51.19
2020-10-02T11:21:02,33,24.36,994.42,51.1
2020-10-02T11:22:02,33,24.33,994.43,51.22
2020-10-02T11:23:03,33,24.31,994.43,51.23
2020-10-02T11:24:02,33,24.31,994.42,51.31
2020-10-02T11:25:02,33,24.28,994.41,51.22
2020-10-02T11:26:02,33,24.26,994.41,51.2
2020-10-02T11:27:02,33,24.26,994.44,51.46
2020-10-02T11:28:02,33,24.27,994.43,51.49
2020-10-02T11:29:02,33,24.25,994.46,51.33
2020-10-02T11:30:02,33,24.24,994.45,51.59
2020-10-02T11:31:02,33,24.26,994.43,51.4
2020-10-02T11:32:02,33,24.26,994.42,51.59
2020-10-02T11:33:03,33,24.25,994.46,51.57
2020-10-02T11:34:02,33,24.22,994.41,51.57
2020-10-02T11:35:02,33,24.21,994.4,51.59
2020-10-02T11:36:03,33,24.19,994.31,51.51
2020-10-02T11:37:02,33,24.18,994.34,51.65
2020-10-02T11:38:03,33,24.2,994.35,51.69
2020-10-02T11:39:03,33,24.23,994.28,51.63
2020-10-02T11:40:02,33,24.22,994.27,51.49
2020-10-02T11:41:02,33,24.26,994.27,51.69
2020-10-02T11:42:02,33,24.27,994.28,51.68
2020-10-02T11:43:02,33,24.31,994.3,51.68
2020-10-02T11:44:03,33,24.32,994.33,51.45
2020-10-02T11:45:02,33,24.33,994.33,51.51
2020-10-02T11:46:03,33,24.35,994.32,51.67
2020-10-02T11:47:02,33,24.35,994.31,51.47
2020-10-02T11:48:02,33,24.32,994.31,51.68
2020-10-02T11:49:02,33,24.31,994.34,51.62
2020-10-02T11:50:02,33,24.28,994.4,51.79
2020-10-02T11:51:02,33,24.26,994.4,51.64
2020-10-02T11:52:02,33,24.24,994.42,51.76
2020-10-02T11:53:03,33,24.2,994.39,51.7
2020-10-02T11:54:02,33,24.19,994.35,51.73
2020-10-02T11:55:02,33,24.17,994.38,51.99
2020-10-02T11:56:02,33,24.14,994.4,51.85
2020-10-02T11:57:02,33,24.12,994.4,52.08
2020-10-02T11:58:02,33,24.09,994.39,51.95
2020-10-02T11:59:02,33,24.07,994.36,52.13
2020-10-02T12:00:02,33,24.05,994.3,52.32
2020-10-02T12:01:02,33,24.03,994.27,52.05
2020-10-02T12:02:03,33,24.03,994.28,52.15
2020-10-02T12:03:02,33,24.01,994.25,52.22
2020-10-02T12:04:03,33,23.98,994.29,52.19
2020-10-02T12:05:02,33,23.98,994.29,52.34
2020-10-02T12:06:02,33,23.98,994.35,52.33
2020-10-02T12:07:02,33,23.97,994.34,52.32
2020-10-02T12:08:02,33,23.96,994.33,52.55
2020-10-02T12:09:03,33,23.95,994.37,52.46
2020-10-02T12:10:02,33,23.94,994.33,52.24
2020-10-02T12:11:03,33,23.96,994.24,52.35
2020-10-02T12:12:02,33,23.97,994.26,52.45
2020-10-02T12:13:02,33,23.99,994.25,52.28
2020-10-02T12:14:02,33,24.01,994.25,52.27
2020-10-02T12:15:02,33,24.02,994.22,52.24
2020-10-02T12:16:03,33,24.05,994.17,52.31
2020-10-02T12:17:02,33,24.07,994.19,52.32
2020-10-02T12:18:03,33,24.07,994.16,52.16
2020-10-02T12:19:02,33,24.05,994.18,52.46
2020-10-02T12:20:02,33,24.04,994.15,52.52
2020-10-02T12:21:03,33,24.03,994.14,52.28
2020-10-02T12:22:02,33,24.03,994.11,52.43
2020-10-02T12:23:02,33,24.05,994.16,52.22
2020-10-02T12:24:03,33,24.09,994.15,52.18
2020-10-02T12:25:02,33,24.13,994.15,52.16
2020-10-02T12:26:02,33,24.14,994.16,52.32
2020-10-02T12:27:02,33,24.17,994.12,52.11
2020-10-02T12:28:02,33,24.18,994.09,52.2
2020-10-02T12:29:02,33,24.19,994.1,52.24
2020-10-02T12:30:02,33,24.18,994.07,52.16
2020-10-02T12:31:03,33,24.17,994.1,52.21
2020-10-02T12:32:02,33,24.15,994.14,52.17
2020-10-02T12:33:03,33,24.15,994.13,52.17
2020-10-02T12:34:02,33,24.15,994.13,52.24
2020-10-02T12:35:02,33,24.15,994.18,52.27
2020-10-02T12:36:02,33,24.15,994.15,52.49
2020-10-02T12:37:02,33,24.17,994.16,52.25
2020-10-02T12:38:02,33,24.21,994.15,52.29
2020-10-02T12:39:02,33,24.21,994.12,52.12
2020-10-02T12:40:03,33,24.18,994.12,52.39
2020-10-02T12:41:02,33,24.16,994.08,52.23
2020-10-02T12:42:02,33,24.15,994.03,52.35
2020-10-02T12:43:03,33,24.12,994.1,52.53
2020-10-02T12:44:02,33,24.11,994.1,52.44
2020-10-02T12:45:02,33,24.08,994.1,52.36
2020-10-02T12:46:02,33,24.05,994.06,52.55
2020-10-02T12:47:02,33,24.05,994.04,52.52
2020-10-02T12:48:03,33,24.03,994.07,52.48
2020-10-02T12:49:02,33,24.03,994.08,52.44
2020-10-02T12:50:03,33,24.04,994.05,52.55
2020-10-02T12:51:02,33,24.03,994.03,52.61
2020-10-02T12:52:02,33,24.04,994.02,52.67
2020-10-02T12:53:02,33,24.05,994.02,52.54
2020-10-02T12:54:02,33,24.07,994.0,52.6
2020-10-02T12:55:02,33,24.06,994.0,52.56
2020-10-02T12:56:02,33,24.06,994.02,52.69
2020-10-02T12:57:03,33,24.06,994.03,52.68
2020-10-02T12:58:02,33,24.05,994.01,52.67
2020-10-02T12:59:03,33,24.04,994.05,52.68
2020-10-02T13:00:02,33,24.06,994.01,52.76
2020-10-02T13:01:02,33,24.06,993.99,52.5
2020-10-02T13:02:02,33,24.06,994.0,52.76
2020-10-02T13:03:02,33,24.07,993.99,52.72
2020-10-02T13:04:03,33,24.06,994.03,52.72
2020-10-02T13:05:02,33,24.05,994.0,52.83
2020-10-02T13:06:02,33,24.04,994.06,52.77
2020-10-02T13:07:02,33,24.03,993.96,52.93
2020-10-02T13:08:02,33,24.01,993.97,52.75
2020-10-02T13:09:02,33,24.01,994.0,52.71
2020-10-02T13:10:02,33,24.01,994.02,52.69
2020-10-02T13:11:03,33,24.05,994.0,52.58
2020-10-02T13:12:02,33,24.08,994.03,52.82
2020-10-02T13:13:03,33,24.08,993.98,52.87
2020-10-02T13:14:02,33,24.08,994.02,52.78
2020-10-02T13:15:02,33,24.07,993.98,52.64
2020-10-02T13:16:02,33,24.08,994.03,52.95
2020-10-02T13:17:02,33,24.07,994.0,52.93
2020-10-02T13:18:02,33,24.05,994.03,53.01
2020-10-02T13:19:02,33,24.05,994.01,52.88
2020-10-02T13:20:03,33,24.06,993.98,52.96
2020-10-02T13:21:02,33,24.06,994.01,52.96
2020-10-02T13:22:02,33,24.11,993.99,52.76
2020-10-02T13:23:02,33,24.14,994.0,52.62
2020-10-02T13:24:02,33,24.18,993.98,52.65
2020-10-02T13:25:02,33,24.22,993.95,52.71
2020-10-02T13:26:02,33,24.21,994.01,52.62
2020-10-02T13:27:02,33,24.19,994.01,52.61
2020-10-02T13:28:02,33,24.17,994.01,52.75
2020-10-02T13:29:02,33,24.13,994.0,52.67
2020-10-02T13:30:02,33,24.13,994.0,52.75
2020-10-02T13:31:02,33,24.1,993.96,53.03
2020-10-02T13:32:02,33,24.09,993.97,53.02
2020-10-02T13:33:03,33,24.08,993.95,52.83
2020-10-02T13:34:02,33,24.05,993.95,52.87
2020-10-02T13:35:03,33,24.05,993.95,52.87
2020-10-02T13:36:02,33,24.03,993.93,53.0
2020-10-02T13:37:02,33,24.03,993.92,53.15
2020-10-02T13:38:02,33,24.01,993.92,53.26
2020-10-02T13:39:02,33,24.01,993.9,53.21
2020-10-02T13:40:02,33,23.99,993.92,53.16
2020-10-02T13:41:02,33,23.98,993.97,53.13
2020-10-02T13:42:02,33,23.97,993.95,53.41
2020-10-02T13:43:02,33,23.97,993.97,53.23
2020-10-02T13:44:03,33,23.95,993.99,53.38
2020-10-02T13:45:02,33,23.96,994.02,53.47
2020-10-02T13:46:02,33,23.94,993.99,53.37
2020-10-02T13:47:02,33,23.94,993.98,53.4
2020-10-02T13:48:02,33,23.94,993.98,53.38
2020-10-02T13:49:03,33,23.94,993.93,53.36
2020-10-02T13:50:02,33,23.92,993.93,53.39
2020-10-02T13:51:03,33,23.92,993.95,53.3
2020-10-02T13:52:02,33,23.89,993.99,53.39
2020-10-02T13:53:02,33,23.88,993.94,53.35
2020-10-02T13:54:03,33,23.86,993.95,53.5
2020-10-02T13:55:02,33,23.86,993.98,53.73
2020-10-02T13:56:02,33,23.83,993.98,53.53
2020-10-02T13:57:02,33,23.83,993.95,53.58
2020-10-02T13:58:02,33,23.82,993.98,53.39
2020-10-02T13:59:02,33,23.82,993.97,53.61
2020-10-02T14:00:02,33,23.82,993.95,53.49
2020-10-02T14:01:03,33,23.81,993.95,53.66
2020-10-02T14:02:02,33,23.8,993.94,53.74
2020-10-02T14:03:03,33,23.8,993.91,53.73
2020-10-02T14:04:02,33,23.8,993.9,53.56
2020-10-02T14:05:02,33,23.83,993.92,53.7
2020-10-02T14:06:02,33,23.83,993.89,53.66
2020-10-02T14:07:02,33,23.84,993.87,53.42
2020-10-02T14:08:03,33,23.88,993.89,53.61
2020-10-02T14:09:02,33,23.89,993.86,53.41
2020-10-02T14:10:03,33,23.92,993.86,53.3
2020-10-02T14:11:02,33,23.92,993.84,53.4
2020-10-02T14:12:02,33,23.93,993.9,53.43
2020-10-02T14:13:02,33,23.93,993.85,53.37
2020-10-02T14:14:02,33,23.92,993.86,53.47
2020-10-02T14:15:02,33,23.93,993.85,53.51
2020-10-02T14:16:02,33,23.91,993.81,53.68
2020-10-02T14:17:03,33,23.89,993.82,53.55
2020-10-02T14:18:02,33,23.9,993.77,53.5
2020-10-02T14:19:03,33,23.89,993.8,53.6
2020-10-02T14:20:02,33,23.88,993.76,53.86
2020-10-02T14:21:02,33,23.85,993.74,53.57
2020-10-02T14:22:02,33,23.84,993.76,53.58
2020-10-02T14:23:02,33,23.84,993.79,53.72
2020-10-02T14:24:02,33,23.83,993.74,53.85
2020-10-02T14:25:02,33,23.82,993.78,53.59
2020-10-02T14:26:03,33,23.81,993.78,53.75
2020-10-02T14:27:02,33,23.8,993.79,53.54
2020-10-02T14:28:03,33,23.82,993.78,53.61
2020-10-02T14:29:02,33,23.81,993.81,53.63
2020-10-02T14:30:02,33,23.8,993.8,53.59
2020-10-02T14:31:02,33,23.79,993.81,53.54
2020-10-02T14:32:02,33,23.78,993.79,53.81
2020-10-02T14:33:02,33,23.79,993.74,53.71
2020-10-02T14:34:02,33,23.77,993.75,53.85
2020-10-02T14:35:03,33,23.76,993.71,53.7
2020-10-02T14:36:02,33,23.76,993.73,53.6
2020-10-02T14:37:03,33,23.75,993.7,53.9
2020-10-02T14:38:02,33,23.74,993.71,53.73
2020-10-02T14:39:02,33,23.74,993.74,53.82
2020-10-02T14:40:02,33,23.73,993.74,53.75
2020-10-02T14:41:02,33,23.71,993.75,53.75
2020-10-02T14:42:02,33,23.71,993.75,53.65
2020-10-02T14:43:02,33,23.71,993.76,53.84
2020-10-02T14:44:03,33,23.69,993.73,53.81
2020-10-02T14:45:02,33,23.68,993.75,53.89
2020-10-02T14:46:03,33,23.67,993.75,53.71
2020-10-02T14:47:02,33,23.68,993.73,53.61
2020-10-02T14:48:02,33,23.69,993.72,53.66
2020-10-02T14:49:02,33,23.68,993.7,53.69
2020-10-02T14:50:02,33,23.67,993.66,53.57
2020-10-02T14:51:02,33,23.69,993.69,53.52
2020-10-02T14:52:02,33,23.68,993.67,53.64
2020-10-02T14:53:02,33,23.68,993.69,53.52
2020-10-02T14:54:02,33,23.68,993.7,53.6
2020-10-02T14:55:02,33,23.67,993.66,53.49
2020-10-02T14:56:03,33,23.67,993.68,53.23
2020-10-02T14:57:02,33,23.67,993.67,53.4
2020-10-02T14:58:03,33,23.64,993.71,53.46
2020-10-02T14:59:02,33,23.65,993.68,53.34
2020-10-02T15:00:02,33,23.65,993.66,53.37
2020-10-02T15:01:02,33,23.63,993.66,53.4
2020-10-02T15:02:02,33,23.63,993.67,53.4
2020-10-02T15:03:02,33,23.62,993.67,53.27
2020-10-02T15:04:02,33,23.61,993.67,53.26
2020-10-02T15:05:03,33,23.6,993.65,53.22
2020-10-02T15:06:02,33,23.6,993.64,53.46
2020-10-02T15:07:03,33,23.58,993.64,53.46
2020-10-02T15:08:02,33,23.58,993.65,53.48
2020-10-02T15:09:02,33,23.57,993.63,53.51
2020-10-02T15:10:03,33,23.56,993.67,53.39
2020-10-02T15:11:02,33,23.55,993.64,53.46
2020-10-02T15:12:03,33,23.55,993.65,53.48
2020-10-02T15:13:02,33,23.54,993.65,53.58
2020-10-02T15:14:02,33,23.55,993.69,53.32
2020-10-02T15:15:02,33,23.54,993.66,53.4
2020-10-02T15:16:02,33,23.53,993.64,53.6
2020-10-02T15:17:02,33,23.55,993.72,53.57
2020-10-02T15:18:02,33,23.54,993.71,53.68
2020-10-02T15:19:03,33,23.54,993.73,53.51
2020-10-02T15:20:02,33,23.55,993.71,53.39
2020-10-02T15:21:03,33,23.54,993.74,53.51
2020-10-02T15:22:02,33,23.52,993.78,53.47
2020-10-02T15:23:02,33,23.52,993.83,53.47
2020-10-02T15:24:02,33,23.51,993.85,53.39
2020-10-02T15:25:02,33,23.49,993.87,53.46
2020-10-02T15:26:02,33,23.49,993.87,53.71
2020-10-02T15:27:02,33,23.48,993.93,53.74
2020-10-02T15:28:03,33,23.47,993.92,53.69
2020-10-02T15:29:02,33,23.47,993.91,53.73
2020-10-02T15:30:03,33,23.46,993.95,53.55
2020-10-02T15:31:02,33,23.45,993.92,53.8
2020-10-02T15:32:02,33,23.43,993.92,53.77
2020-10-02T15:33:03,33,23.44,993.93,53.72
2020-10-02T15:34:02,33,23.43,993.93,53.86
2020-10-02T15:35:03,33,23.44,993.96,53.84
2020-10-02T15:36:02,33,23.43,993.94,53.84
2020-10-02T15:37:02,33,23.42,993.94,53.63
2020-10-02T15:38:02,33,23.42,993.94,53.7
2020-10-02T15:39:02,33,23.41,993.96,53.77
2020-10-02T15:40:02,33,23.42,993.95,53.8
2020-10-02T15:41:02,33,23.42,993.96,53.72
2020-10-02T15:42:03,33,23.43,993.97,53.85
2020-10-02T15:43:02,33,23.43,993.96,53.66
2020-10-02T15:44:03,33,23.41,993.98,53.82
2020-10-02T15:45:02,33,23.41,993.96,53.81
2020-10-02T15:46:02,33,23.41,993.97,53.89
2020-10-02T15:47:02,33,23.42,993.96,53.9
2020-10-02T15:48:02,33,23.42,994.0,53.77
2020-10-02T15:49:02,33,23.42,994.02,53.89
2020-10-02T15:50:02,33,23.44,993.97,53.75
2020-10-02T15:51:02,33,23.44,993.98,53.8
2020-10-02T15:52:02,33,23.44,994.0,53.88
2020-10-02T15:53:03,33,23.42,993.97,53.91
2020-10-02T15:54:02,33,23.42,994.03,53.88
2020-10-02T15:55:03,33,23.41,994.04,53.78
2020-10-02T15:56:02,33,23.42,994.07,53.77
2020-10-02T15:57:02,33,23.41,994.06,53.74
2020-10-02T15:58:02,33,23.42,994.1,54.0
2020-10-02T15:59:02,33,23.41,994.06,53.86
2020-10-02T16:00:02,33,23.4,994.1,53.72
2020-10-02T16:01:02,33,23.38,994.13,53.84
2020-10-02T16:02:02,33,23.39,994.11,53.91
2020-10-02T16:03:02,33,23.38,994.08,53.85
2020-10-02T16:04:03,33,23.39,994.12,53.77
2020-10-02T16:05:02,33,23.39,994.13,53.96
2020-10-02T16:06:02,33,23.39,994.11,53.99
2020-10-02T16:07:02,33,23.4,994.13,53.8
2020-10-02T16:08:02,33,23.39,994.12,53.7
2020-10-02T16:09:03,33,23.39,994.15,53.87
2020-10-02T16:10:02,33,23.4,994.15,53.87
2020-10-02T16:11:03,33,23.37,994.16,53.85
2020-10-02T16:12:02,33,23.39,994.16,53.77
2020-10-02T16:13:02,33,23.39,994.19,53.84
2020-10-02T16:14:02,33,23.4,994.21,53.77
2020-10-02T16:15:02,33,23.39,994.24,53.83
2020-10-02T16:16:02,33,23.4,994.21,53.77
2020-10-02T16:17:02,33,23.4,994.18,53.66
2020-10-02T16:18:02,33,23.38,994.15,53.72
2020-10-02T16:19:02,33,23.38,994.15,54.0
2020-10-02T16:20:03,33,23.36,994.12,53.86
2020-10-02T16:21:02,33,23.36,994.17,53.72
2020-10-02T16:22:03,33,23.35,994.12,53.84
2020-10-02T16:23:02,33,23.34,994.14,53.71
2020-10-02T16:24:02,33,23.34,994.15,53.75
2020-10-02T16:25:02,33,23.33,994.18,53.98
2020-10-02T16:26:02,33,23.32,994.23,53.92
2020-10-02T16:27:02,33,23.33,994.22,53.93
2020-10-02T16:28:02,33,23.33,994.27,53.57
2020-10-02T16:29:02,33,23.33,994.28,53.75
2020-10-02T16:30:02,33,23.33,994.26,53.85
2020-10-02T16:31:02,33,23.34,994.29,53.97
2020-10-02T16:32:02,33,23.32,994.25,53.85
2020-10-02T16:33:02,33,23.33,994.29,53.83
2020-10-02T16:34:03,33,23.33,994.27,53.94
2020-10-02T16:35:02,33,23.33,994.26,53.76
2020-10-02T16:36:03,33,23.32,994.26,53.87
2020-10-02T16:37:02,33,23.33,994.23,53.93
2020-10-02T16:38:02,33,23.31,994.22,54.03
2020-10-02T16:39:02,33,23.32,994.23,53.99
2020-10-02T16:40:02,33,23.31,994.21,53.82
2020-10-02T16:41:02,33,23.32,994.19,53.7
2020-10-02T16:42:02,33,23.31,994.23,53.78
2020-10-02T16:43:03,33,23.3,994.23,53.81
2020-10-02T16:44:02,33,23.3,994.19,54.07
2020-10-02T16:45:03,33,23.29,994.23,53.85
2020-10-02T16:46:02,33,23.3,994.21,53.84
2020-10-02T16:47:02,33,23.29,994.2,53.79
2020-10-02T16:48:02,33,23.29,994.2,53.73
2020-10-02T16:49:02,33,23.28,994.18,53.95
2020-10-02T16:50:02,33,23.26,994.22,53.86
2020-10-02T16:51:02,33,23.27,994.21,53.9
2020-10-02T16:52:03,33,23.27,994.2,54.05
2020-10-02T16:53:02,33,23.25,994.2,53.87
2020-10-02T16:54:03,33,23.24,994.16,53.99
2020-10-02T16:55:02,33,23.25,994.2,53.82
2020-10-02T16:56:02,33,23.24,994.15,53.85
2020-10-02T16:57:02,33,23.25,994.19,53.91
2020-10-02T16:58:02,33,23.25,994.2,53.89
2020-10-02T16:59:02,33,23.24,994.25,54.0
2020-10-02T17:00:02,33,23.24,994.26,54.02
2020-10-02T17:01:02,33,23.25,994.3,53.92
2020-10-02T17:02:02,33,23.25,994.3,53.81
2020-10-02T17:03:03,33,23.25,994.3,54.05
2020-10-02T17:04:02,33,23.25,994.33,53.79
2020-10-02T17:05:03,33,23.24,994.32,54.01
2020-10-02T17:06:02,33,23.25,994.28,54.03
2020-10-02T17:07:02,33,23.24,994.28,53.81
2020-10-02T17:08:02,33,23.25,994.36,53.88
2020-10-02T17:09:02,33,23.24,994.28,53.89
2020-10-02T17:10:03,33,23.23,994.31,54.04
2020-10-02T17:11:02,33,23.21,994.34,53.93
2020-10-02T17:12:03,33,23.22,994.33,54.15
2020-10-02T17:13:02,33,23.21,994.35,54.09
2020-10-02T17:14:02,33,23.22,994.36,54.12
2020-10-02T17:15:02,33,23.2,994.32,53.98
2020-10-02T17:16:02,33,23.19,994.35,54.19
2020-10-02T17:17:02,33,23.2,994.34,53.87
2020-10-02T17:18:02,33,23.19,994.32,53.96
2020-10-02T17:19:03,33,23.19,994.3,54.13
2020-10-02T17:20:02,33,23.18,994.31,53.95
2020-10-02T17:21:02,33,23.18,994.32,54.12
2020-10-02T17:22:02,33,23.19,994.28,53.96
2020-10-02T17:23:02,33,23.19,994.28,53.99
2020-10-02T17:24:02,33,23.18,994.27,54.16
2020-10-02T17:25:02,33,23.18,994.26,53.99
2020-10-02T17:26:03,33,23.19,994.31,54.14
2020-10-02T17:27:02,33,23.19,994.3,54.14
2020-10-02T17:28:03,33,23.19,994.31,54.17
2020-10-02T17:29:02,33,23.19,994.3,54.24
2020-10-02T17:30:02,33,23.19,994.3,54.05
2020-10-02T17:31:02,33,23.19,994.35,54.23
2020-10-02T17:32:03,33,23.2,994.37,53.82
2020-10-02T17:33:02,33,23.19,994.36,54.06
2020-10-02T17:34:02,33,23.2,994.37,54.18
2020-10-02T17:35:03,33,23.2,994.37,54.15
2020-10-02T17:36:02,33,23.19,994.38,54.09
2020-10-02T17:37:02,33,23.19,994.4,54.19
2020-10-02T17:38:02,33,23.19,994.38,54.2
2020-10-02T17:39:02,33,23.18,994.37,54.19
2020-10-02T17:40:02,33,23.17,994.36,53.91
2020-10-02T17:41:02,33,23.17,994.36,54.19
2020-10-02T17:42:02,33,23.17,994.37,53.86
2020-10-02T17:43:02,33,23.17,994.38,54.22
2020-10-02T17:44:03,33,23.17,994.37,53.88
2020-10-02T17:45:02,33,23.17,994.37,54.2
2020-10-02T17:46:03,33,23.18,994.39,54.19
2020-10-02T17:47:02,33,23.17,994.34,54.18
2020-10-02T17:48:02,33,23.18,994.37,54.23
2020-10-02T17:49:02,33,23.17,994.38,53.99
2020-10-02T17:50:02,33,23.17,994.37,53.91
2020-10-02T17:51:02,33,23.18,994.35,54.02
2020-10-02T17:52:02,33,23.16,994.35,53.96
2020-10-02T17:53:02,33,23.18,994.37,54.02
2020-10-02T17:54:02,33,23.17,994.37,53.91
2020-10-02T17:55:03,33,23.17,994.4,54.18
2020-10-02T17:56:02,33,23.18,994.41,54.01
2020-10-02T17:57:03,33,23.18,994.38,54.06
2020-10-02T17:58:02,33,23.18,994.37,53.94
2020-10-02T17:59:03,33,23.18,994.38,54.15
2020-10-02T18:00:02,33,23.17,994.42,53.91
2020-10-02T18:01:02,33,23.17,994.46,53.96
2020-10-02T18:02:02,33,23.18,994.41,54.14
2020-10-02T18:03:02,33,23.18,994.44,54.21
2020-10-02T18:04:02,33,23.17,994.39,54.17
2020-10-02T18:05:02,33,23.17,994.44,54.21
2020-10-02T18:06:03,33,23.17,994.44,53.95
2020-10-02T18:07:02,33,23.16,994.43,54.23
2020-10-02T18:08:03,33,23.16,994.42,53.95
2020-10-02T18:09:02,33,23.16,994.45,54.03
2020-10-02T18:10:02,33,23.15,994.45,54.01
2020-10-02T18:11:02,33,23.16,994.43,53.96
2020-10-02T18:12:02,33,23.15,994.43,54.16
2020-10-02T18:13:02,33,23.15,994.46,54.02
2020-10-02T18:14:02,33,23.15,994.43,54.16
2020-10-02T18:15:03,33,23.15,994.47,53.99
2020-10-02T18:16:02,33,23.15,994.46,54.03
2020-10-02T18:17:03,33,23.15,994.5,54.15
2020-10-02T18:18:02,33,23.16,994.52,54.24
2020-10-02T18:19:02,33,23.16,994.52,53.97
2020-10-02T18:20:03,33,23.16,994.51,54.07
2020-10-02T18:21:02,33,23.17,994.52,54.11
2020-10-02T18:22:02,33,23.17,994.58,53.88
2020-10-02T18:23:02,33,23.17,994.57,54.05
2020-10-02T18:24:02,33,23.19,994.57,54.04
2020-10-02T18:25:02,33,23.18,994.61,54.07
2020-10-02T18:26:02,33,23.17,994.61,53.88
2020-10-02T18:27:03,33,23.17,994.57,54.13
2020-10-02T18:28:02,33,23.18,994.56,54.0
2020-10-02T18:29:02,33,23.16,994.55,54.06
2020-10-02T18:30:02,33,23.16,994.56,54.08
2020-10-02T18:31:02,33,23.16,994.53,53.95
2020-10-02T18:32:02,33,23.14,994.55,54.01
2020-10-02T18:33:02,33,23.15,994.52,54.12
2020-10-02T18:34:03,33,23.14,994.52,54.06
2020-10-02T18:35:02,33,23.13,994.54,54.03
2020-10-02T18:36:02,33,23.13,994.54,54.19
2020-10-02T18:37:02,33,23.13,994.54,54.04
2020-10-02T18:38:02,33,23.11,994.58,54.2
2020-10-02T18:39:02,33,23.12,994.57,54.08
2020-10-02T18:40:02,33,23.11,994.58,53.97
2020-10-02T18:41:03,33,23.14,994.62,54.2
2020-10-02T18:42:02,33,23.12,994.63,54.01
2020-10-02T18:43:03,33,23.12,994.67,54.27
2020-10-02T18:44:02,33,23.12,994.67,53.98
2020-10-02T18:45:03,33,23.12,994.65,54.19
2020-10-02T18:46:02,33,23.12,994.68,54.24
2020-10-02T18:47:02,33,23.13,994.64,54.0
2020-10-02T18:48:02,33,23.13,994.67,54.13
2020-10-02T18:49:02,33,23.14,994.69,54.02
2020-10-02T18:50:02,33,23.13,994.67,53.99
2020-10-02T18:51:02,33,23.15,994.66,53.99
2020-10-02T18:52:03,33,23.14,994.65,54.12
2020-10-02T18:53:02,33,23.15,994.71,54.16
2020-10-02T18:54:03,33,23.16,994.71,54.0
2020-10-02T18:55:02,33,23.14,994.7,54.03
2020-10-02T18:56:02,33,23.14,994.69,54.07
2020-10-02T18:57:02,33,23.14,994.7,54.01
2020-10-02T18:58:02,33,23.12,994.76,54.21
2020-10-02T18:59:02,33,23.13,994.74,53.97
2020-10-02T19:00:02,33,23.12,994.72,53.96
2020-10-02T19:01:03,33,23.12,994.76,54.03
2020-10-02T19:02:02,33,23.1,994.79,54.19
2020-10-02T19:03:02,33,23.1,994.75,54.03
2020-10-02T19:04:02,33,23.1,994.79,53.95
2020-10-02T19:05:02,33,23.1,994.8,54.05
2020-10-02T19:06:02,33,23.09,994.76,54.18
2020-10-02T19:07:02,33,23.09,994.76,54.28
2020-10-02T19:08:02,33,23.07,994.76,54.23
2020-10-02T19:09:02,33,23.08,994.72,54.14
2020-10-02T19:10:03,33,23.07,994.7,54.07
2020-10-02T19:11:02,33,23.08,994.68,54.3
2020-10-02T19:12:02,33,23.06,994.63,54.02
2020-10-02T19:13:02,33,23.07,994.62,54.24
2020-10-02T19:14:02,33,23.06,994.62,54.25
2020-10-02T19:15:02,33,23.07,994.58,54.34
2020-10-02T19:16:02,33,23.06,994.48,54.21
2020-10-02T19:17:02,33,23.06,994.49,54.3
2020-10-02T19:18:02,33,23.06,994.5,54.38
2020-10-02T19:19:03,33,23.06,994.48,54.36
2020-10-02T19:20:02,33,23.07,994.5,54.26
2020-10-02T19:21:03,33,23.08,994.48,54.14
2020-10-02T19:22:02,33,23.07,994.43,54.21
2020-10-02T19:23:02,33,23.07,994.45,54.23
2020-10-02T19:24:02,33,23.07,994.39,54.16
2020-10-02T19:25:02,33,23.08,994.38,54.03
2020-10-02T19:26:02,33,23.08,994.39,54.11
2020-10-02T19:27:02,33,23.09,994.4,54.04
2020-10-02T19:28:02,33,23.08,994.4,53.94
2020-10-02T19:29:02,33,23.07,994.35,54.3
2020-10-02T19:30:03,33,23.07,994.38,54.19
2020-10-02T19:31:02,33,23.07,994.36,54.2
2020-10-02T19:32:02,33,23.06,994.33,54.13
2020-10-02T19:33:03,33,23.05,994.32,54.26
2020-10-02T19:34:02,33,23.04,994.3,54.18
2020-10-02T19:35:02,33,23.04,994.32,54.23
2020-10-02T19:36:02,33,23.05,994.3,54.01
2020-10-02T19:37:02,33,23.03,994.3,54.29
2020-10-02T19:38:02,33,23.03,994.3,54.28
2020-10-02T19:39:02,33,23.03,994.33,54.26
2020-10-02T19:40:02,33,23.04,994.31,54.31
2020-10-02T19:41:02,33,23.03,994.31,54.17
2020-10-02T19:42:03,33,23.02,994.33,54.16
2020-10-02T19:43:02,33,23.02,994.32,54.3
2020-10-02T19:44:03,33,23.02,994.31,54.3
2020-10-02T19:45:02,33,23.01,994.31,54.2
2020-10-02T19:46:02,33,23.03,994.29,54.37
2020-10-02T19:47:02,33,23.02,994.35,54.26
2020-10-02T19:48:02,33,23.02,994.32,54.04
2020-10-02T19:49:02,33,23.02,994.33,54.31
2020-10-02T19:50:02,33,23.02,994.33,54.36
2020-10-02T19:51:03,33,23.02,994.37,54.12
2020-10-02T19:52:02,33,23.03,994.37,54.32
2020-10-02T19:53:02,33,23.03,994.41,54.32
2020-10-02T19:54:02,33,23.03,994.39,54.06
2020-10-02T19:55:02,33,23.04,994.44,54.26
2020-10-02T19:56:02,33,23.03,994.45,54.21
2020-10-02T19:57:02,33,23.03,994.45,54.14
2020-10-02T19:58:03,33,23.04,994.46,54.01
2020-10-02T19:59:02,33,23.03,994.44,54.21
2020-10-02T20:00:03,33,23.04,994.46,54.0
2020-10-02T20:01:02,33,23.03,994.47,54.0
2020-10-02T20:02:02,33,23.03,994.48,54.33
2020-10-02T20:03:02,33,23.02,994.44,54.12
2020-10-02T20:04:02,33,23.03,994.42,54.35
2020-10-02T20:05:03,33,23.02,994.44,54.13
2020-10-02T20:06:02,33,23.01,994.43,54.06
2020-10-02T20:07:03,33,23.01,994.42,54.01
2020-10-02T20:08:02,33,23.0,994.45,54.27
2020-10-02T20:09:02,33,23.0,994.41,54.11
2020-10-02T20:10:02,33,22.99,994.43,54.27
2020-10-02T20:11:02,33,22.98,994.4,54.21
2020-10-02T20:12:02,33,22.98,994.41,54.18
2020-10-02T20:13:02,33,22.98,994.38,54.27
2020-10-02T20:14:03,33,22.97,994.37,54.18
2020-10-02T20:15:02,33,22.98,994.37,54.17
2020-10-02T20:16:03,33,22.98,994.36,53.97
2020-10-02T20:17:02,33,22.98,994.39,54.29
2020-10-02T20:18:02,33,22.98,994.43,54.36
2020-10-02T20:19:02,33,22.97,994.44,54.38
2020-10-02T20:20:02,33,22.97,994.47,54.27
2020-10-02T20:21:02,33,22.97,994.46,54.33
2020-10-02T20:22:02,33,22.98,994.5,54.16
2020-10-02T20:23:02,33,22.97,994.48,54.19
2020-10-02T20:24:02,33,22.98,994.43,54.41
2020-10-02T20:25:02,33,22.97,994.46,54.35
2020-10-02T20:26:02,33,22.98,994.45,54.35
2020-10-02T20:27:02,33,22.98,994.44,54.28
2020-10-02T20:28:02,33,22.98,994.44,54.13
2020-10-02T20:29:02,33,23.0,994.43,54.22
2020-10-02T20:30:03,33,22.98,994.41,54.31
2020-10-02T20:31:02,33,23.0,994.42,54.39
2020-10-02T20:32:03,33,23.0,994.47,54.18
2020-10-02T20:33:02,33,23.01,994.46,54.06
2020-10-02T20:34:02,33,23.0,994.47,54.07
2020-10-02T20:35:02,33,23.0,994.47,54.07
2020-10-02T20:36:02,33,23.0,994.46,54.05
2020-10-02T20:37:02,33,23.0,994.48,54.19
2020-10-02T20:38:02,33,22.98,994.48,54.19
2020-10-02T20:39:02,33,22.97,994.48,54.14
2020-10-02T20:40:02,33,22.97,994.43,54.24
2020-10-02T20:41:03,33,22.96,994.46,54.35
2020-10-02T20:42:02,33,22.95,994.55,54.2
2020-10-02T20:43:02,33,22.96,994.53,54.14
2020-10-02T20:44:02,33,22.95,994.48,54.28
2020-10-02T20:45:02,33,22.94,994.48,54.37
2020-10-02T20:46:02,33,22.93,994.47,54.28
2020-10-02T20:47:03,33,22.94,994.46,54.13
2020-10-02T20:48:02,33,22.94,994.48,54.16
2020-10-02T20:49:03,33,22.94,994.46,54.39
2020-10-02T20:50:02,33,22.95,994.47,54.23
2020-10-02T20:51:02,33,22.93,994.44,54.32
2020-10-02T20:52:02,33,22.93,994.45,54.13
2020-10-02T20:53:02,33,22.94,994.47,54.16
2020-10-02T20:54:02,33,22.94,994.46,54.28
2020-10-02T20:55:02,33,22.93,994.47,54.29
2020-10-02T20:56:02,33,22.93,994.47,54.12
2020-10-02T20:57:02,33,22.93,994.47,54.22
2020-10-02T20:58:02,33,22.94,994.44,54.23
2020-10-02T20:59:03,33,22.94,994.42,54.44
2020-10-02T21:00:02,33,22.93,994.45,54.3
2020-10-02T21:01:02,33,22.94,994.46,54.07
2020-10-02T21:02:02,33,22.95,994.45,54.32
2020-10-02T21:03:02,33,22.95,994.42,54.27
2020-10-02T21:04:02,33,22.96,994.44,54.01
2020-10-02T21:05:02,33,22.96,994.44,54.19
2020-10-02T21:06:03,33,22.97,994.45,54.3
2020-10-02T21:07:02,33,22.96,994.49,54.23
2020-10-02T21:08:02,33,22.97,994.47,54.27
2020-10-02T21:09:02,33,22.97,994.5,54.36
2020-10-02T21:10:02,33,22.97,994.48,54.25
2020-10-02T21:11:02,33,22.95,994.53,54.12
2020-10-02T21:12:02,33,22.96,994.5,54.25
2020-10-02T21:13:02,33,22.95,994.53,54.18
2020-10-02T21:14:02,33,22.95,994.51,54.11
2020-10-02T21:15:03,33,22.95,994.5,54.35
2020-10-02T21:16:02,33,22.92,994.53,54.11
2020-10-02T21:17:03,33,22.93,994.55,54.0
2020-10-02T21:18:02,33,22.92,994.55,54.32
2020-10-02T21:19:02,33,22.93,994.53,54.33
2020-10-02T21:20:02,33,22.92,994.54,54.39
2020-10-02T21:21:02,33,22.94,994.54,54.22
2020-10-02T21:22:02,33,22.92,994.51,54.35
2020-10-02T21:23:02,33,22.92,994.47,54.15
2020-10-02T21:24:03,33,22.91,994.44,54.14
2020-10-02T21:25:02,33,22.92,994.48,54.21
2020-10-02T21:26:03,33,22.91,994.5,53.83
2020-10-02T21:27:02,33,22.91,994.42,54.25
2020-10-02T21:28:02,33,22.91,994.44,54.2
2020-10-02T21:29:02,33,22.91,994.39,54.13
2020-10-02T21:30:02,33,22.91,994.43,54.31
2020-10-02T21:31:03,33,22.91,994.42,54.32
2020-10-02T21:32:02,33,22.92,994.44,54.14
2020-10-02T21:33:02,33,22.92,994.44,54.11
2020-10-02T21:34:02,33,22.93,994.43,54.27
2020-10-02T21:35:02,33,22.93,994.42,54.05
2020-10-02T21:36:02,33,22.94,994.4,54.21
2020-10-02T21:37:02,33,22.94,994.42,54.1
2020-10-02T21:38:03,33,22.94,994.38,53.95
2020-10-02T21:39:02,33,22.95,994.36,54.21
2020-10-02T21:40:02,33,22.95,994.34,54.16
2020-10-02T21:41:02,33,22.96,994.33,54.07
2020-10-02T21:42:02,33,22.95,994.29,54.05
2020-10-02T21:43:02,33,22.95,994.24,54.22
2020-10-02T21:44:02,33,22.94,994.23,53.93
2020-10-02T21:45:03,33,22.94,994.22,53.97
2020-10-02T21:46:02,33,22.94,994.2,54.24
2020-10-02T21:47:03,33,22.94,994.17,54.25
2020-10-02T21:48:02,33,22.92,994.2,54.05
2020-10-02T21:49:03,33,22.92,994.21,54.19
2020-10-02T21:50:02,33,22.91,994.16,54.31
2020-10-02T21:51:02,33,22.9,994.19,54.27
2020-10-02T21:52:02,33,22.9,994.19,54.3
2020-10-02T21:53:02,33,22.9,994.21,54.02
2020-10-02T21:54:02,33,22.91,994.2,54.36
2020-10-02T21:55:02,33,22.91,994.22,53.98
2020-10-02T21:56:02,33,22.9,994.23,54.26
2020-10-02T21:57:02,33,22.9,994.21,54.2
2020-10-02T21:58:03,33,22.9,994.24,54.17
2020-10-02T21:59:02,33,22.9,994.23,54.19
2020-10-02T22:00:03,33,22.9,994.22,54.2
2020-10-02T22:01:02,33,22.89,994.23,54.01
2020-10-02T22:02:02,33,22.9,994.28,54.22
2020-10-02T22:03:02,33,22.9,994.23,54.06
2020-10-02T22:04:02,33,22.9,994.23,54.12
2020-10-02T22:05:03,33,22.91,994.26,54.08
2020-10-02T22:06:02,33,22.91,994.25,54.06
2020-10-02T22:07:03,33,22.92,994.27,54.11
2020-10-02T22:08:02,33,22.91,994.27,54.12
2020-10-02T22:09:02,33,22.92,994.27,53.98
2020-10-02T22:10:02,33,22.92,994.26,54.27
2020-10-02T22:11:02,33,22.93,994.22,54.24
2020-10-02T22:12:02,33,22.93,994.2,54.18
2020-10-02T22:13:02,33,22.94,994.25,54.0
2020-10-02T22:14:03,33,22.94,994.24,53.97
2020-10-02T22:15:02,33,22.94,994.22,53.96
2020-10-02T22:16:02,33,22.94,994.23,53.94
2020-10-02T22:17:02,33,22.93,994.25,54.16
2020-10-02T22:18:02,33,22.92,994.25,53.95
2020-10-02T22:19:02,33,22.93,994.23,54.18
2020-10-02T22:20:02,33,22.92,994.24,53.96
2020-10-02T22:21:03,33,22.9,994.23,54.14
2020-10-02T22:22:02,33,22.91,994.24,54.15
2020-10-02T22:23:03,33,22.9,994.2,54.18
2020-10-02T22:24:02,33,22.9,994.21,54.02
2020-10-02T22:25:02,33,22.89,994.17,54.03
2020-10-02T22:26:02,33,22.9,994.17,54.26
2020-10-02T22:27:02,33,22.9,994.26,54.12
2020-10-02T22:28:02,33,22.88,994.23,53.94
2020-10-02T22:29:02,33,22.89,994.25,54.04
2020-10-02T22:30:02,33,22.89,994.19,54.0
2020-10-02T22:31:02,33,22.88,994.17,54.18
2020-10-02T22:32:02,33,22.87,994.13,54.2
2020-10-02T22:33:03,33,22.89,994.17,54.17
2020-10-02T22:34:02,33,22.89,994.19,54.25
2020-10-02T22:35:03,33,22.89,994.19,54.03
2020-10-02T22:36:02,33,22.9,994.19,54.07
2020-10-02T22:37:02,33,22.9,994.18,54.04
2020-10-02T22:38:02,33,22.91,994.17,53.99
2020-10-02T22:39:02,33,22.91,994.2,54.2
2020-10-02T22:40:02,33,22.91,994.22,54.03
2020-10-02T22:41:02,33,22.91,994.23,53.9
2020-10-02T22:42:02,33,22.91,994.22,54.0
2020-10-02T22:43:02,33,22.92,994.2,53.93
2020-10-02T22:44:03,33,22.93,994.24,53.93
2020-10-02T22:45:02,33,22.92,994.27,54.14
2020-10-02T22:46:03,33,22.92,994.22,54.15
2020-10-02T22:47:02,33,22.94,994.24,53.88
2020-10-02T22:48:02,33,22.94,994.26,54.16
2020-10-02T22:49:02,33,22.94,994.24,54.12
2020-10-02T22:50:02,33,22.93,994.24,53.96
2020-10-02T22:51:02,33,22.94,994.27,53.92
2020-10-02T22:52:02,33,22.92,994.26,53.89
2020-10-02T22:53:02,33,22.91,994.25,53.96
2020-10-02T22:54:02,33,22.91,994.26,53.96
2020-10-02T22:55:03,33,22.91,994.25,54.05
2020-10-02T22:56:02,33,22.9,994.24,54.12
2020-10-02T22:57:03,33,22.9,994.2,53.94
2020-10-02T22:58:02,33,22.9,994.21,54.12
2020-10-02T22:59:02,33,22.9,994.23,53.94
2020-10-02T23:00:02,33,22.89,994.22,53.89
2020-10-02T23:01:02,33,22.9,994.16,54.19
2020-10-02T23:02:03,33,22.9,994.2,53.98
2020-10-02T23:03:02,33,22.89,994.19,54.21
2020-10-02T23:04:02,33,22.89,994.24,54.27
2020-10-02T23:05:02,33,22.89,994.21,54.16
2020-10-02T23:06:02,33,22.9,994.22,53.92
2020-10-02T23:07:02,33,22.9,994.21,53.97
2020-10-02T23:08:02,33,22.9,994.23,54.1
2020-10-02T23:09:03,33,22.9,994.23,53.92
2020-10-02T23:10:02,33,22.9,994.23,53.88
2020-10-02T23:11:02,33,22.9,994.23,53.96
2020-10-02T23:12:02,33,22.9,994.24,54.2
2020-10-02T23:13:02,33,22.9,994.24,54.0
2020-10-02T23:14:02,33,22.91,994.23,54.2
2020-10-02T23:15:02,33,22.9,994.27,53.85
2020-10-02T23:16:03,33,22.91,994.23,54.08
2020-10-02T23:17:02,33,22.9,994.23,53.95
2020-10-02T23:18:02,33,22.92,994.21,53.95
2020-10-02T23:19:02,33,22.91,994.23,53.93
2020-10-02T23:20:02,33,22.92,994.27,53.81
2020-10-02T23:21:02,33,22.92,994.25,54.08
2020-10-02T23:22:02,33,22.92,994.29,53.93
2020-10-02T23:23:03,33,22.91,994.29,53.95
2020-10-02T23:24:02,33,22.91,994.26,54.07
2020-10-02T23:25:03,33,22.9,994.31,53.86
2020-10-02T23:26:02,33,22.9,994.31,54.01
2020-10-02T23:27:02,33,22.9,994.29,54.02
2020-10-02T23:28:03,33,22.89,994.27,54.07
2020-10-02T23:29:03,33,22.88,994.29,54.02
2020-10-02T23:30:02,33,22.89,994.33,53.92
2020-10-02T23:31:02,33,22.89,994.33,54.12
2020-10-02T23:32:02,33,22.89,994.28,54.1
2020-10-02T23:33:02,33,22.88,994.29,53.94
2020-10-02T23:34:02,33,22.88,994.29,53.87
2020-10-02T23:35:02,33,22.88,994.28,53.96
2020-10-02T23:36:03,33,22.88,994.32,54.24
2020-10-02T23:37:02,33,22.87,994.28,53.91
2020-10-02T23:38:03,33,22.88,994.27,53.99
2020-10-02T23:39:02,33,22.88,994.33,53.85
2020-10-02T23:40:02,33,22.87,994.29,53.88
2020-10-02T23:41:03,33,22.87,994.33,54.14
2020-10-02T23:42:02,33,22.87,994.31,53.98
2020-10-02T23:43:02,33,22.87,994.33,54.16
2020-10-02T23:44:02,33,22.88,994.37,54.11
2020-10-02T23:45:02,33,22.89,994.34,53.89
2020-10-02T23:46:02,33,22.88,994.41,54.09
2020-10-02T23:47:02,33,22.88,994.39,54.07
2020-10-02T23:48:03,33,22.89,994.4,54.1
2020-10-02T23:49:02,33,22.89,994.39,54.05
2020-10-02T23:50:03,33,22.89,994.37,53.96
2020-10-02T23:51:02,33,22.89,994.34,54.15
2020-10-02T23:52:02,33,22.89,994.35,53.95
2020-10-02T23:53:02,33,22.9,994.31,53.93
2020-10-02T23:54:02,33,22.89,994.34,53.92
2020-10-02T23:55:02,33,22.9,994.33,53.9
2020-10-02T23:56:02,33,22.89,994.34,54.11
2020-10-02T23:57:03,33,22.89,994.32,53.84
2020-10-02T23:58:02,33,22.87,994.33,54.16
2020-10-02T23:59:03,33,22.88,994.28,54.12
